adv_change,sex,perc
-1,Female,0.2027276078142278
-1,Male,6.49470290188853
0,Female,90.3612237375599
0,Male,90.96269000460617
1,Female,9.436048654625875
1,Male,2.542607093505297
