eq_change,sex,perc
-1,Male,7.065868263473053
0,Female,90.2506450423885
0,Male,92.93413173652695
1,Female,9.7493549576115
