,Run,Accuracy,Balanced Accuracy,P%-rule,% of predictions changed,num of predictions changed
0,1,0.7516716319099636,0.7489847744290292,98.49163070713081,20.357497517378352,6150
2,3,0.754683879510096,0.7527370645514426,93.75233662307268,20.182058920887126,6097
3,4,0.7558424362793776,0.7498097507051682,98.934705497965,19.589539887454485,5918
4,5,0.7374710360807679,0.7417438180230653,95.05356285320497,17.586891757696126,5313
6,7,0.7083416087388282,0.6967020418561496,85.52581713466704,25.809334657398214,7797
7,8,0.7771598808341609,0.7727124662492583,88.18507450749998,16.630254882489243,5024
8,9,0.7274412446209865,0.7292816990275595,86.05472284572417,22.899702085402186,6918
9,10,0.7833167825223436,0.7789058088745553,86.5489075260733,15.948361469712017,4818
